{"graph": {"_type": "graph-file", "sha256": "6a467c7afeb1829f22a73ac2373ae26f5aecc6075c2eb83dfe84ab933f4fa8ae", "size": 477, "path": "media/graph/graph_summary_6a467c7afeb1829f22a7.graph.json"}, "epoch": 20, "_timestamp": 1701778003.459914, "loss": 0.18446694314479828, "accuracy": 0.9235913157463074, "precision": 0.9395363330841064, "recall": 0.9388225674629211, "val_loss": 0.5446265935897827, "val_accuracy": 0.8374126553535461, "val_precision": 1.0, "val_recall": 0.8374132513999939, "_runtime": 2725.8870639801025, "_step": 20, "best_val_loss": 0.27377912402153015, "best_epoch": 13}